{"version":1,"config":{"env":{},"webpack":null,"eslint":{"ignoreDuringBuilds":false},"typescript":{"ignoreBuildErrors":false,"tsconfigPath":"tsconfig.json"},"distDir":".next","cleanDistDir":true,"assetPrefix":"","configOrigin":"next.config.js","useFileSystemPublicRoutes":true,"generateEtags":true,"pageExtensions":["tsx","ts","jsx","js"],"poweredByHeader":true,"compress":true,"analyticsId":"","images":{"deviceSizes":[640,750,828,1080,1200,1920,2048,3840],"imageSizes":[16,32,48,64,96,128,256,384],"path":"/_next/image","loader":"default","loaderFile":"","domains":[],"disableStaticImages":false,"minimumCacheTTL":60,"formats":["image/webp"],"dangerouslyAllowSVG":false,"contentSecurityPolicy":"script-src 'none'; frame-src 'none'; sandbox;","contentDispositionType":"inline","remotePatterns":[],"unoptimized":false},"devIndicators":{"buildActivity":true,"buildActivityPosition":"bottom-right"},"onDemandEntries":{"maxInactiveAge":60000,"pagesBufferLength":5},"amp":{"canonicalBase":""},"basePath":"","sassOptions":{},"trailingSlash":false,"i18n":null,"productionBrowserSourceMaps":false,"optimizeFonts":true,"excludeDefaultMomentLocales":true,"serverRuntimeConfig":{},"publicRuntimeConfig":{},"reactProductionProfiling":false,"reactStrictMode":true,"httpAgentOptions":{"keepAlive":true},"outputFileTracing":true,"staticPageGenerationTimeout":60,"swcMinify":true,"modularizeImports":{"@mui/icons-material":{"transform":"@mui/icons-material/{{member}}"},"date-fns":{"transform":"date-fns/{{member}}"},"lodash":{"transform":"lodash/{{member}}"},"lodash-es":{"transform":"lodash-es/{{member}}"},"ramda":{"transform":"ramda/es/{{member}}"},"react-bootstrap":{"transform":"react-bootstrap/{{member}}"},"antd":{"transform":"antd/lib/{{kebabCase member}}"},"ahooks":{"transform":"ahooks/es/{{member}}"},"@ant-design/icons":{"transform":"@ant-design/icons/lib/icons/{{member}}"}},"experimental":{"serverMinification":false,"serverSourceMaps":false,"caseSensitiveRoutes":false,"useDeploymentId":false,"useDeploymentIdServerActions":false,"clientRouterFilter":true,"clientRouterFilterRedirects":false,"fetchCacheKeyPrefix":"","middlewarePrefetch":"flexible","optimisticClientCache":true,"manualClientBasePath":false,"legacyBrowsers":false,"newNextLinkBehavior":true,"cpus":11,"memoryBasedWorkersCount":false,"sharedPool":true,"isrFlushToDisk":true,"workerThreads":false,"pageEnv":false,"optimizeCss":false,"nextScriptWorkers":false,"scrollRestoration":false,"externalDir":false,"disableOptimizedLoading":false,"gzipSize":true,"swcFileReading":true,"craCompat":false,"esmExternals":true,"appDir":true,"isrMemoryCacheSize":52428800,"fullySpecified":false,"outputFileTracingRoot":"/Users/clover/dev-project/zhsm/zhsm-ui","swcTraceProfiling":false,"forceSwcTransforms":false,"largePageDataBytes":128000,"adjustFontFallbacks":false,"adjustFontFallbacksWithSizeAdjust":false,"typedRoutes":false,"instrumentationHook":false,"trustHostHeader":false},"configFileName":"next.config.js","_originalRewrites":{"beforeFiles":[],"afterFiles":[],"fallback":[{"source":"/api/:path*","destination":"http://localhost:8840/api/:path*"}]},"_originalRedirects":[{"source":"/","destination":"/index","permanent":true}]},"appDir":"/Users/clover/dev-project/zhsm/zhsm-ui","relativeAppDir":"","files":[".next/routes-manifest.json",".next/server/pages-manifest.json",".next/build-manifest.json",".next/prerender-manifest.json",".next/server/middleware-manifest.json",".next/server/middleware-build-manifest.js",".next/server/middleware-react-loadable-manifest.js",".next/server/app-paths-manifest.json",".next/app-build-manifest.json",".next/server/server-reference-manifest.js",".next/server/server-reference-manifest.json",".next/react-loadable-manifest.json",".next/server/font-manifest.json",".next/BUILD_ID",".next/server/next-font-manifest.js",".next/server/next-font-manifest.json"],"ignore":["node_modules/.pnpm/registry.npmmirror.com+next@13.4.12_react-dom@18.2.0_react@18.2.0/node_modules/next/dist/compiled/@ampproject/toolbox-optimizer/**/*"]}